{
    "1": {
        "modelstat": "Optimal",
        "num_reaction": 19,
        "pathway": {
            "EX_adp": -2.0,
            "EX_atp": 2.0,
            "EX_glc": -1.0,
            "EX_h2o": 2.0,
            "EX_hplus": 2.0,
            "EX_nad": -2.0,
            "EX_nadh": 2.0,
            "EX_phosphate": -2.0,
            "EX_pyr": 2.0,
            "R00200": -2.0,
            "R00299": 1.0,
            "R00658": 2.0,
            "R00756": 1.0,
            "R00771": 1.0,
            "R01015": -1.0,
            "R01061": 2.0,
            "R01068": 1.0,
            "R01512": -2.0,
            "R01518": -2.0
        },
        "solvestat": null,
        "time": 0.05462789535522461,
        "total_flux_no_exchange": 15.0
    },
    "2": {
        "modelstat": "Optimal",
        "num_reaction": 22,
        "pathway": {
            "EX_adp": -2.0,
            "EX_atp": 2.0,
            "EX_glc": -1.0,
            "EX_h2o": 2.0,
            "EX_hplus": 2.0,
            "EX_nad": -2.0,
            "EX_nadh": 2.0,
            "EX_phosphate": -2.0,
            "EX_pyr": 2.0,
            "R00200": -1.0,
            "R00214": 1.0,
            "R00299": 1.0,
            "R00342": -1.0,
            "R00345": -1.0,
            "R00658": 2.0,
            "R00762": 1.0,
            "R00771": 1.0,
            "R01015": -1.0,
            "R01061": 2.0,
            "R01068": 1.0,
            "R01512": -2.0,
            "R01518": -2.0
        },
        "solvestat": null,
        "time": 0.0365602970123291,
        "total_flux_no_exchange": 17.0
    }
}