{
    "1": {
        "modelstat": "Optimal",
        "num_reaction": 21,
        "pathway": {
            "EX_accoa": -3.0,
            "EX_adp": 3.0,
            "EX_atp": -3.0,
            "EX_co2": 1.0,
            "EX_coa": 3.0,
            "EX_h2o": -1.0,
            "EX_hplus": -2.0,
            "EX_ipp": 1.0,
            "EX_nad": 2.0,
            "EX_nadh": -2.0,
            "EX_phosphate": 1.0,
            "R00345": -1.0,
            "R00353": -1.0,
            "R01010": -1.0,
            "R01012": -1.0,
            "R01978": -1.0,
            "R02081": -1.0,
            "R02245": 1.0,
            "R09527": 1.0,
            "R10093": 1.0,
            "R10561": 1.0
        },
        "solvestat": null,
        "time": 31.05580997467041,
        "total_flux_no_exchange": 10.0
    },
    "2": {
        "modelstat": "Optimal",
        "num_reaction": 22,
        "pathway": {
            "EX_accoa": -3.0,
            "EX_adp": 3.0,
            "EX_atp": -3.0,
            "EX_co2": 1.0,
            "EX_coa": 3.0,
            "EX_h2o": -1.0,
            "EX_hplus": -2.0,
            "EX_ipp": 1.0,
            "EX_nad": 2.0,
            "EX_nadh": -2.0,
            "EX_phosphate": 1.0,
            "R00353": -1.0,
            "R00361": 1.0,
            "R00703": -1.0,
            "R01978": -1.0,
            "R02081": -1.0,
            "R02245": 1.0,
            "R07358": -1.0,
            "R09527": 1.0,
            "R10093": 1.0,
            "R10561": 1.0,
            "R11074": -1.0
        },
        "solvestat": null,
        "time": 109.91145873069763,
        "total_flux_no_exchange": 11.0
    },
    "3": {
        "modelstat": "Optimal",
        "num_reaction": 22,
        "pathway": {
            "EX_accoa": -3.0,
            "EX_adp": 3.0,
            "EX_atp": -3.0,
            "EX_co2": 1.0,
            "EX_coa": 3.0,
            "EX_h2o": -1.0,
            "EX_hplus": -2.0,
            "EX_ipp": 1.0,
            "EX_nadp": 2.0,
            "EX_nadph": -2.0,
            "EX_phosphate": 1.0,
            "R00353": -1.0,
            "R00361": 1.0,
            "R00703": -1.0,
            "R01978": -1.0,
            "R02082": -1.0,
            "R02245": 1.0,
            "R07358": -1.0,
            "R09527": 1.0,
            "R10093": 1.0,
            "R10561": 1.0,
            "R11074": -1.0
        },
        "solvestat": null,
        "time": 13.35699200630188,
        "total_flux_no_exchange": 11.0
    },
    "4": {
        "modelstat": "Optimal",
        "num_reaction": 21,
        "pathway": {
            "EX_accoa": -3.0,
            "EX_adp": 3.0,
            "EX_atp": -3.0,
            "EX_co2": 1.0,
            "EX_coa": 3.0,
            "EX_h2o": -1.0,
            "EX_hplus": -2.0,
            "EX_ipp": 1.0,
            "EX_nadp": 2.0,
            "EX_nadph": -2.0,
            "EX_phosphate": 1.0,
            "R00345": -1.0,
            "R00353": -1.0,
            "R01010": -1.0,
            "R01012": -1.0,
            "R01978": -1.0,
            "R02082": -1.0,
            "R02245": 1.0,
            "R09527": 1.0,
            "R10093": 1.0,
            "R10561": 1.0
        },
        "solvestat": null,
        "time": 12.396597385406494,
        "total_flux_no_exchange": 10.0
    },
    "5": {
        "modelstat": "Optimal",
        "num_reaction": 20,
        "pathway": {
            "EX_accoa": -3.0,
            "EX_adp": 3.0,
            "EX_atp": -3.0,
            "EX_co2": 1.0,
            "EX_coa": 3.0,
            "EX_h2o": -1.0,
            "EX_hplus": -2.0,
            "EX_ipp": 1.0,
            "EX_nad": 2.0,
            "EX_nadh": -2.0,
            "EX_phosphate": 1.0,
            "R00353": -1.0,
            "R01447": -1.0,
            "R01978": -1.0,
            "R02081": -1.0,
            "R02245": 1.0,
            "R09527": 1.0,
            "R10093": 1.0,
            "R10561": 1.0,
            "R11074": -1.0
        },
        "solvestat": null,
        "time": 25.890347719192505,
        "total_flux_no_exchange": 9.0
    }
}